name,location,sw_lat,sw_lng,ne_lat,ne_lng
St. Augustine,Trinidad & Tobago,10.637,-61.403,10.646,-61.394
Mt. Hope,Trinidad & Tobago,10.644929,-61.425505,10.650771,-61.420108
Mona,Jamaica,17.99465,-76.75111,18.01577,-76.74015
Five Islands,Antigua and Barbuda,17.117588,-61.882006,17.119751,-61.878852
Cave Hill,Barbados,13.131652,-59.632469,13.13887,-59.62585
